{"cameraMode":{"drawMode":0,"name":"Shaded","section":"Shading Mode"},"sceneLighting":true,"audioPlay":false,"sceneViewState":{"m_AlwaysRefresh":false,"showFog":true,"showSkybox":true,"showFlares":true,"showImageEffects":true,"showParticleSystems":true,"showVisualEffectGraphs":true,"m_FxEnabled":true},"in2DMode":false,"pivot":{"x":-0.5958957672119141,"y":-8.456157684326172,"z":14.925151824951172},"rotation":{"x":0.20223596692085267,"y":-0.058138519525527957,"z":0.012026377953588963,"w":0.9775575995445252},"size":10.901227951049805,"orthographic":false}